card_type,total_spend
"Debit (Prepaid)",19932203.890000507
Credit,225811820.0100037
Debit,326091498.3799762
