total_transactions,total_spend,avg_transaction,total_users
13305915,571835522.2799922,42.976039023245846,1219
