client_id,total_spent
96,2445773.250000006
1686,2167880.900000001
1340,2039921.2300000037
840,1956340.8400000038
464,1882901.3499999829
490,1711482.690000015
704,1635022.0500000033
285,1615458.99
488,1611114.4199999918
1168,1590822.749999994
989,1538980.3500000054
52,1535007.8000000026
630,1467776.2700000016
1098,1460166.8000000087
1888,1436784.280000003
1575,1425880.4000000143
1066,1402519.6699999925
1651,1367892.2400000042
1797,1353263.3700000008
371,1345198.2900000017
